Normal Distribution,,
1,P(x<=50),0.792900462
2,P(x<=90),0.999977736
3,P(x>65),0.020609702
